<?xml version="1.0" encoding="UTF-8" standalone="no"?>
<configuration>
<AutoCreated>true</AutoCreated>
<LastHost>127.0.0.1</LastHost>
<LastPort>6800</LastPort>
<DiskHistorySize>20</DiskHistorySize>
<ServerHistorySize>20</ServerHistorySize>
<DWOpsHistorySize>20</DWOpsHistorySize>
<CmdHistorySize>20</CmdHistorySize>
<TCPTimeout>15000</TCPTimeout>
<TermServerOnExit>true</TermServerOnExit>
<RememberWindowPositions>true</RememberWindowPositions>
<ServerHistory>127.0.0.1:6800</ServerHistory>
<LocalServer>true</LocalServer>
<LastInstance>0</LastInstance>
<DiskExtensions>dsk</DiskExtensions>
<DiskExtensions>dmk</DiskExtensions>
<DiskExtensions>vhd</DiskExtensions>
<DiskExtensions>os9</DiskExtensions>
<DiskExtensions>vdk</DiskExtensions>
<DiskExtensions>img</DiskExtensions>
<DOSExtensions>bas</DOSExtensions>
<DOSExtensions>bin</DOSExtensions>
<DOSExtensions>arc</DOSExtensions>
<OS9Extensions>lzh</OS9Extensions>
<OS9Extensions>ar</OS9Extensions>
<ArchiveExtensions>zip</ArchiveExtensions>
<BrowserURL>http://www.nitros9.org/latest/</BrowserURL>
<BrowserURL>http://www.lcurtisboyle.com/nitros9/coco_game_list.html</BrowserURL>
<BrowserURL>http://www.cocoquest.com/#DOWNLOAD</BrowserURL>
<BrowserURL>http://www.nausicaa.net/~lgreenf/cocopage.htm#Software</BrowserURL>
<BrowserURL>ftp://maltedmedia.com/coco/</BrowserURL>
<DiskParams>
     
<_format detail="The source image file format.  DriveWire can read raw\, DMK\, JVC\, CCB and VDK images but it will only write to raw sector images." type="system"/>
<_sectors detail="The total number of sectors present in this image.  Raw format images can expand dynamically\, other formats are fixed in size." type="system"/>
<_reads detail="The total number of sector read operations since this image was inserted." type="system"/>
<_writes detail="The total number of sector write operations since this image was inserted." type="system"/>
<_lsn detail="The Logical Sector Number of the last read or write operation performed on this image." type="system"/>
<_last_modified detail="The time the source image was last modified, as reported by the operating system." type="system"/>
<_maxsectors detail="The maximum size this image can expand to (other factors may limit the usable maximum size)." type="system"/>
<_path detail="The source path for this image." type="system"/>
<_sectorsize detail="The number of bytes per sector.  Note that a CoCo using the DW ROM can only make use of 256 byte sectors." type="system"/>
<_density detail="The density (single or double) of the source image." type="system"/>
<_sides detail="The number of disk sides in the source image." type="system"/>
<_tracks detail="The number of tracks in the source image." type="system"/>
<_filesystem detail="If DriveWire can detect a known filesystem on this image\, it is displayed here.  Some disks that cannot be detected may still contain valid filesystems." type="system"/>
<_secpertrack detail="The number of sectors per track in the source image." type="system"/>
<expand detail="Toggle on to allow this image to grow in size dynamically." toggletext="Allow image expansion" type="boolean" wikiurl="http://sourceforge.net/apps/mediawiki/drivewireserver/index.php?title=Using_DriveWire#Disk_Buffers"/>
<writeprotect detail="Toggle on to prevent writes to the image buffer (CoCo will return an error on writes)." toggletext="Write protect image" type="boolean" wikiurl="http://sourceforge.net/apps/mediawiki/drivewireserver/index.php?title=Using_DriveWire#Disk_Buffers"/>
<syncto detail="Toggle on to automatically write changes in the image buffer back to the source image (when possible)." toggletext="Sync changes to source image" type="boolean" wikiurl="http://sourceforge.net/apps/mediawiki/drivewireserver/index.php?title=Using_DriveWire#Disk_Buffers"/>
<syncfrom detail="Toggle on to automatically pull any changes made to the source image into the image buffer." toggletext="Sync changes from source image" type="boolean" wikiurl="http://sourceforge.net/apps/mediawiki/drivewireserver/index.php?title=Using_DriveWire#Disk_Buffers"/>
<offset detail="All operations are translated to the requested LSN + offset.  This allows use of an image or partition that does not start at the beginning of the file." inputtext="Sector offset (0 to disable)" type="integer" wikiurl="http://sourceforge.net/apps/mediawiki/drivewireserver/index.php?title=Using_DriveWire#Disk_Buffers"/>
<sizelimit detail="Requests for LSNs above this value will return an error even if they exist in the source image.  Used with offset, allows safe access to only a specific portion of an image." inputtext="Maximum LSN limit (-1 to disable)" type="integer" wikiurl="http://sourceforge.net/apps/mediawiki/drivewireserver/index.php?title=Using_DriveWire#Disk_Buffers"/>


</DiskParams>
<DiskTable_Items>LED</DiskTable_Items>
<DiskTable_Items>Drive</DiskTable_Items>
<DiskTable_Items>File</DiskTable_Items>
<DiskTable_Items>Location</DiskTable_Items>
<DiskTable_Items>_lsn</DiskTable_Items>
<DiskTable_Items>_reads</DiskTable_Items>
<DiskTable_Items>_writes</DiskTable_Items>
<DiskTable_Items>_sectors</DiskTable_Items>
<LED_ColWidth>24</LED_ColWidth>
<Drive_ColWidth>40</Drive_ColWidth>
<File_ColWidth>151</File_ColWidth>
<Location_ColWidth>354</Location_ColWidth>
<_sectors_ColWidth>50</_sectors_ColWidth>
<_lsn_ColWidth>50</_lsn_ColWidth>
<_reads_ColWidth>50</_reads_ColWidth>
<_writes_ColWidth>50</_writes_ColWidth>
<_format_ColWidth>50</_format_ColWidth>
<writeprotect_ColWidth>50</writeprotect_ColWidth>
<syncto_ColWidth>50</syncto_ColWidth>
<syncfrom_ColWidth>67</syncfrom_ColWidth>
<offset_ColWidth>50</offset_ColWidth>
<sizelimit_ColWidth>60</sizelimit_ColWidth>
<expand_ColWidth>50</expand_ColWidth>
<DiskWin_0_open>false</DiskWin_0_open>
<DiskWin_1_open>false</DiskWin_1_open>
<DiskWin_2_open>false</DiskWin_2_open>
<DiskWin_3_open>false</DiskWin_3_open>
<DiskWin_4_open>false</DiskWin_4_open>
<DiskWin_5_open>false</DiskWin_5_open>
<DiskWin_6_open>false</DiskWin_6_open>
<DiskWin_7_open>false</DiskWin_7_open>
<DiskWin_8_open>false</DiskWin_8_open>
<DiskWin_9_open>false</DiskWin_9_open>
<DiskWin_10_open>false</DiskWin_10_open>
<DiskWin_11_open>false</DiskWin_11_open>
<DiskWin_12_open>false</DiskWin_12_open>
<DiskWin_13_open>false</DiskWin_13_open>
<DiskWin_14_open>false</DiskWin_14_open>
<DiskWin_15_open>false</DiskWin_15_open>
<DiskWin_16_open>false</DiskWin_16_open>
<DiskWin_17_open>false</DiskWin_17_open>
<DiskWin_18_open>false</DiskWin_18_open>
<DiskWin_19_open>false</DiskWin_19_open>
<DiskWin_20_open>false</DiskWin_20_open>
<DiskWin_21_open>false</DiskWin_21_open>
<DiskWin_22_open>false</DiskWin_22_open>
<DiskWin_23_open>false</DiskWin_23_open>
<DiskWin_24_open>false</DiskWin_24_open>
<DiskWin_25_open>false</DiskWin_25_open>
<DiskWin_26_open>false</DiskWin_26_open>
<DiskWin_27_open>false</DiskWin_27_open>
<DiskWin_28_open>false</DiskWin_28_open>
<DiskWin_29_open>false</DiskWin_29_open>
<DiskWin_30_open>false</DiskWin_30_open>
<DiskWin_31_open>false</DiskWin_31_open>
<DiskWin_32_open>false</DiskWin_32_open>
<DiskWin_33_open>false</DiskWin_33_open>
<DiskWin_34_open>false</DiskWin_34_open>
<DiskWin_35_open>false</DiskWin_35_open>
<DiskWin_36_open>false</DiskWin_36_open>
<DiskWin_37_open>false</DiskWin_37_open>
<DiskWin_38_open>false</DiskWin_38_open>
<DiskWin_39_open>false</DiskWin_39_open>
<DiskWin_40_open>false</DiskWin_40_open>
<DiskWin_41_open>false</DiskWin_41_open>
<DiskWin_42_open>false</DiskWin_42_open>
<DiskWin_43_open>false</DiskWin_43_open>
<DiskWin_44_open>false</DiskWin_44_open>
<DiskWin_45_open>false</DiskWin_45_open>
<DiskWin_46_open>false</DiskWin_46_open>
<DiskWin_47_open>false</DiskWin_47_open>
<DiskWin_48_open>false</DiskWin_48_open>
<DiskWin_49_open>false</DiskWin_49_open>
<DiskWin_50_open>false</DiskWin_50_open>
<DiskWin_51_open>false</DiskWin_51_open>
<DiskWin_52_open>false</DiskWin_52_open>
<DiskWin_53_open>false</DiskWin_53_open>
<DiskWin_54_open>false</DiskWin_54_open>
<DiskWin_55_open>false</DiskWin_55_open>
<DiskWin_56_open>false</DiskWin_56_open>
<DiskWin_57_open>false</DiskWin_57_open>
<DiskWin_58_open>false</DiskWin_58_open>
<DiskWin_59_open>false</DiskWin_59_open>
<DiskWin_60_open>false</DiskWin_60_open>
<DiskWin_61_open>false</DiskWin_61_open>
<DiskWin_62_open>false</DiskWin_62_open>
<DiskWin_63_open>false</DiskWin_63_open>
<DiskWin_64_open>false</DiskWin_64_open>
<DiskWin_65_open>false</DiskWin_65_open>
<DiskWin_66_open>false</DiskWin_66_open>
<DiskWin_67_open>false</DiskWin_67_open>
<DiskWin_68_open>false</DiskWin_68_open>
<DiskWin_69_open>false</DiskWin_69_open>
<DiskWin_70_open>false</DiskWin_70_open>
<DiskWin_71_open>false</DiskWin_71_open>
<DiskWin_72_open>false</DiskWin_72_open>
<DiskWin_73_open>false</DiskWin_73_open>
<DiskWin_74_open>false</DiskWin_74_open>
<DiskWin_75_open>false</DiskWin_75_open>
<DiskWin_76_open>false</DiskWin_76_open>
<DiskWin_77_open>false</DiskWin_77_open>
<DiskWin_78_open>false</DiskWin_78_open>
<DiskWin_79_open>false</DiskWin_79_open>
<DiskWin_80_open>false</DiskWin_80_open>
<DiskWin_81_open>false</DiskWin_81_open>
<DiskWin_82_open>false</DiskWin_82_open>
<DiskWin_83_open>false</DiskWin_83_open>
<DiskWin_84_open>false</DiskWin_84_open>
<DiskWin_85_open>false</DiskWin_85_open>
<DiskWin_86_open>false</DiskWin_86_open>
<DiskWin_87_open>false</DiskWin_87_open>
<DiskWin_88_open>false</DiskWin_88_open>
<DiskWin_89_open>false</DiskWin_89_open>
<DiskWin_90_open>false</DiskWin_90_open>
<DiskWin_91_open>false</DiskWin_91_open>
<DiskWin_92_open>false</DiskWin_92_open>
<DiskWin_93_open>false</DiskWin_93_open>
<DiskWin_94_open>false</DiskWin_94_open>
<DiskWin_95_open>false</DiskWin_95_open>
<DiskWin_96_open>false</DiskWin_96_open>
<DiskWin_97_open>false</DiskWin_97_open>
<DiskWin_98_open>false</DiskWin_98_open>
<DiskWin_99_open>false</DiskWin_99_open>
<DiskWin_100_open>false</DiskWin_100_open>
<DiskWin_101_open>false</DiskWin_101_open>
<DiskWin_102_open>false</DiskWin_102_open>
<DiskWin_103_open>false</DiskWin_103_open>
<DiskWin_104_open>false</DiskWin_104_open>
<DiskWin_105_open>false</DiskWin_105_open>
<DiskWin_106_open>false</DiskWin_106_open>
<DiskWin_107_open>false</DiskWin_107_open>
<DiskWin_108_open>false</DiskWin_108_open>
<DiskWin_109_open>false</DiskWin_109_open>
<DiskWin_110_open>false</DiskWin_110_open>
<DiskWin_111_open>false</DiskWin_111_open>
<DiskWin_112_open>false</DiskWin_112_open>
<DiskWin_113_open>false</DiskWin_113_open>
<DiskWin_114_open>false</DiskWin_114_open>
<DiskWin_115_open>false</DiskWin_115_open>
<DiskWin_116_open>false</DiskWin_116_open>
<DiskWin_117_open>false</DiskWin_117_open>
<DiskWin_118_open>false</DiskWin_118_open>
<DiskWin_119_open>false</DiskWin_119_open>
<DiskWin_120_open>false</DiskWin_120_open>
<DiskWin_121_open>false</DiskWin_121_open>
<DiskWin_122_open>false</DiskWin_122_open>
<DiskWin_123_open>false</DiskWin_123_open>
<DiskWin_124_open>false</DiskWin_124_open>
<DiskWin_125_open>false</DiskWin_125_open>
<DiskWin_126_open>false</DiskWin_126_open>
<DiskWin_127_open>false</DiskWin_127_open>
<DiskWin_128_open>false</DiskWin_128_open>
<DiskWin_129_open>false</DiskWin_129_open>
<DiskWin_130_open>false</DiskWin_130_open>
<DiskWin_131_open>false</DiskWin_131_open>
<DiskWin_132_open>false</DiskWin_132_open>
<DiskWin_133_open>false</DiskWin_133_open>
<DiskWin_134_open>false</DiskWin_134_open>
<DiskWin_135_open>false</DiskWin_135_open>
<DiskWin_136_open>false</DiskWin_136_open>
<DiskWin_137_open>false</DiskWin_137_open>
<DiskWin_138_open>false</DiskWin_138_open>
<DiskWin_139_open>false</DiskWin_139_open>
<DiskWin_140_open>false</DiskWin_140_open>
<DiskWin_141_open>false</DiskWin_141_open>
<DiskWin_142_open>false</DiskWin_142_open>
<DiskWin_143_open>false</DiskWin_143_open>
<DiskWin_144_open>false</DiskWin_144_open>
<DiskWin_145_open>false</DiskWin_145_open>
<DiskWin_146_open>false</DiskWin_146_open>
<DiskWin_147_open>false</DiskWin_147_open>
<DiskWin_148_open>false</DiskWin_148_open>
<DiskWin_149_open>false</DiskWin_149_open>
<DiskWin_150_open>false</DiskWin_150_open>
<DiskWin_151_open>false</DiskWin_151_open>
<DiskWin_152_open>false</DiskWin_152_open>
<DiskWin_153_open>false</DiskWin_153_open>
<DiskWin_154_open>false</DiskWin_154_open>
<DiskWin_155_open>false</DiskWin_155_open>
<DiskWin_156_open>false</DiskWin_156_open>
<DiskWin_157_open>false</DiskWin_157_open>
<DiskWin_158_open>false</DiskWin_158_open>
<DiskWin_159_open>false</DiskWin_159_open>
<DiskWin_160_open>false</DiskWin_160_open>
<DiskWin_161_open>false</DiskWin_161_open>
<DiskWin_162_open>false</DiskWin_162_open>
<DiskWin_163_open>false</DiskWin_163_open>
<DiskWin_164_open>false</DiskWin_164_open>
<DiskWin_165_open>false</DiskWin_165_open>
<DiskWin_166_open>false</DiskWin_166_open>
<DiskWin_167_open>false</DiskWin_167_open>
<DiskWin_168_open>false</DiskWin_168_open>
<DiskWin_169_open>false</DiskWin_169_open>
<DiskWin_170_open>false</DiskWin_170_open>
<DiskWin_171_open>false</DiskWin_171_open>
<DiskWin_172_open>false</DiskWin_172_open>
<DiskWin_173_open>false</DiskWin_173_open>
<DiskWin_174_open>false</DiskWin_174_open>
<DiskWin_175_open>false</DiskWin_175_open>
<DiskWin_176_open>false</DiskWin_176_open>
<DiskWin_177_open>false</DiskWin_177_open>
<DiskWin_178_open>false</DiskWin_178_open>
<DiskWin_179_open>false</DiskWin_179_open>
<DiskWin_180_open>false</DiskWin_180_open>
<DiskWin_181_open>false</DiskWin_181_open>
<DiskWin_182_open>false</DiskWin_182_open>
<DiskWin_183_open>false</DiskWin_183_open>
<DiskWin_184_open>false</DiskWin_184_open>
<DiskWin_185_open>false</DiskWin_185_open>
<DiskWin_186_open>false</DiskWin_186_open>
<DiskWin_187_open>false</DiskWin_187_open>
<DiskWin_188_open>false</DiskWin_188_open>
<DiskWin_189_open>false</DiskWin_189_open>
<DiskWin_190_open>false</DiskWin_190_open>
<DiskWin_191_open>false</DiskWin_191_open>
<DiskWin_192_open>false</DiskWin_192_open>
<DiskWin_193_open>false</DiskWin_193_open>
<DiskWin_194_open>false</DiskWin_194_open>
<DiskWin_195_open>false</DiskWin_195_open>
<DiskWin_196_open>false</DiskWin_196_open>
<DiskWin_197_open>false</DiskWin_197_open>
<DiskWin_198_open>false</DiskWin_198_open>
<DiskWin_199_open>false</DiskWin_199_open>
<DiskWin_200_open>false</DiskWin_200_open>
<DiskWin_201_open>false</DiskWin_201_open>
<DiskWin_202_open>false</DiskWin_202_open>
<DiskWin_203_open>false</DiskWin_203_open>
<DiskWin_204_open>false</DiskWin_204_open>
<DiskWin_205_open>false</DiskWin_205_open>
<DiskWin_206_open>false</DiskWin_206_open>
<DiskWin_207_open>false</DiskWin_207_open>
<DiskWin_208_open>false</DiskWin_208_open>
<DiskWin_209_open>false</DiskWin_209_open>
<DiskWin_210_open>false</DiskWin_210_open>
<DiskWin_211_open>false</DiskWin_211_open>
<DiskWin_212_open>false</DiskWin_212_open>
<DiskWin_213_open>false</DiskWin_213_open>
<DiskWin_214_open>false</DiskWin_214_open>
<DiskWin_215_open>false</DiskWin_215_open>
<DiskWin_216_open>false</DiskWin_216_open>
<DiskWin_217_open>false</DiskWin_217_open>
<DiskWin_218_open>false</DiskWin_218_open>
<DiskWin_219_open>false</DiskWin_219_open>
<DiskWin_220_open>false</DiskWin_220_open>
<DiskWin_221_open>false</DiskWin_221_open>
<DiskWin_222_open>false</DiskWin_222_open>
<DiskWin_223_open>false</DiskWin_223_open>
<DiskWin_224_open>false</DiskWin_224_open>
<DiskWin_225_open>false</DiskWin_225_open>
<DiskWin_226_open>false</DiskWin_226_open>
<DiskWin_227_open>false</DiskWin_227_open>
<DiskWin_228_open>false</DiskWin_228_open>
<DiskWin_229_open>false</DiskWin_229_open>
<DiskWin_230_open>false</DiskWin_230_open>
<DiskWin_231_open>false</DiskWin_231_open>
<DiskWin_232_open>false</DiskWin_232_open>
<DiskWin_233_open>false</DiskWin_233_open>
<DiskWin_234_open>false</DiskWin_234_open>
<DiskWin_235_open>false</DiskWin_235_open>
<DiskWin_236_open>false</DiskWin_236_open>
<DiskWin_237_open>false</DiskWin_237_open>
<DiskWin_238_open>false</DiskWin_238_open>
<DiskWin_239_open>false</DiskWin_239_open>
<DiskWin_240_open>false</DiskWin_240_open>
<DiskWin_241_open>false</DiskWin_241_open>
<DiskWin_242_open>false</DiskWin_242_open>
<DiskWin_243_open>false</DiskWin_243_open>
<DiskWin_244_open>false</DiskWin_244_open>
<DiskWin_245_open>false</DiskWin_245_open>
<DiskWin_246_open>false</DiskWin_246_open>
<DiskWin_247_open>false</DiskWin_247_open>
<DiskWin_248_open>false</DiskWin_248_open>
<DiskWin_249_open>false</DiskWin_249_open>
<DiskWin_250_open>false</DiskWin_250_open>
<DiskWin_251_open>false</DiskWin_251_open>
<DiskWin_252_open>false</DiskWin_252_open>
<DiskWin_253_open>false</DiskWin_253_open>
<DiskWin_254_open>false</DiskWin_254_open>
<DiskWin_255_open>false</DiskWin_255_open>
<_last_modified_ColWidth>50</_last_modified_ColWidth>
<_maxsectors_ColWidth>83</_maxsectors_ColWidth>
<DiskTable_Items>_format</DiskTable_Items>
<DiskTable_Items>_filesystem</DiskTable_Items>
<_filesystem_ColWidth>50</_filesystem_ColWidth>
<UseRemoteFilebrowser>false</UseRemoteFilebrowser>
<Library>
 <Local notes="This is your local disk library.  Right click to add links to existing files or directories on your local computer\, or URLs to sites containing disk images.  &#13;&#10;&#13;&#10;You can also create 'Folders'.  Folders are logical containers for any of the above.  Use them to arrange content any way you'd like.  Folders also allow you to enter notes (like this one) about their contents.  &#13;&#10;&#13;&#10;Feel free to play around.  It's safe\, nothing done in the library will effect your local files in any way.  You can link the same content into multiple places\, combine files or directories from different drives into a single folder\, etc.  This is simply a logical structure for arranging your disk library.">
 <autocreated>1340184306408</autocreated>
 <updated>0</updated>
  
    <Folder notes="Items related to NitrOS9.  Feel free to edit or remove." title="NitrOS93">
       <URL title="NitrOS9 Nightly Builds">http://www.nitros9.org/latest/</URL>
       <URL title="NitrOS9 Documentation Wiki">http://sourceforge.net/apps/mediawiki/nitros9/index.php?title=Main_Page</URL>
    </Folder>
    <Folder title="Software Websites">
      <URL title="Curtis Boyle's Games Site">http://www.lcurtisboyle.com/nitros9/coco_game_list.html</URL>
       <URL title="Mike Snyder's COCO Quest">http://www.cocoquest.com/#DOWNLOAD</URL>
       <URL title="Larry's CoCo Software">http://www.nausicaa.net/~lgreenf/cocopage.htm#Software</URL>
       <URL title="Malted Media Archive">ftp://maltedmedia.com/coco/</URL>

    </Folder>
    
 
 
</Local>
<Cloud>
<autocreated>1340184306490</autocreated>
<updated>0</updated>
</Cloud>
</Library>
<MainWin_Tab>2</MainWin_Tab>
<LibraryTabs>1</LibraryTabs>
<MainWin_Width>845</MainWin_Width>
<MainWin_Height>767</MainWin_Height>
<MainWin_x>23</MainWin_x>
<MainWin_y>34</MainWin_y>
<SashForm_Weights>246</SashForm_Weights>
<SashForm_Weights>753</SashForm_Weights>
<CmdHistory>/sha</CmdHistory>
<CmdHistory>/sha</CmdHistory>
<UpdateRestartRequired>false</UpdateRestartRequired>
<BasicViewer_antialias>true</BasicViewer_antialias>
<BasicViewer_columns>32</BasicViewer_columns>
<BasicViewer_rows>16</BasicViewer_rows>
</configuration>
